{
  "id": "663568",
  "name": "no name",
  "font_family": "iconfont",
  "css_prefix_text": "icon-",
  "description": "",
  "glyphs": [
    {
      "icon_id": "1388101",
      "name": "cancel",
      "font_class": "cancel",
      "unicode": "e60d",
      "unicode_decimal": 58893
    },
    {
      "icon_id": "7275294",
      "name": "Invoice",
      "font_class": "Invoice",
      "unicode": "e67c",
      "unicode_decimal": 59004
    },
    {
      "icon_id": "10909285",
      "name": "approve",
      "font_class": "approve",
      "unicode": "e60b",
      "unicode_decimal": 58891
    },
    {
      "icon_id": "792316",
      "name": "people-8-个人",
      "font_class": "people",
      "unicode": "e685",
      "unicode_decimal": 59013
    },
    {
      "icon_id": "1043811",
      "name": "history",
      "font_class": "history",
      "unicode": "e60c",
      "unicode_decimal": 58892
    },
    {
      "icon_id": "8776842",
      "name": "search",
      "font_class": "icon-test1",
      "unicode": "e63c",
      "unicode_decimal": 58940
    },
    {
      "icon_id": "8776877",
      "name": "upload",
      "font_class": "icon-test2",
      "unicode": "e643",
      "unicode_decimal": 58947
    },
    {
      "icon_id": "5321591",
      "name": "Excel",
      "font_class": "Excel",
      "unicode": "e637",
      "unicode_decimal": 58935
    },
    {
      "icon_id": "8776878",
      "name": "download",
      "font_class": "icon-test",
      "unicode": "e642",
      "unicode_decimal": 58946
    },
    {
      "icon_id": "1011856",
      "name": "upload",
      "font_class": "upload",
      "unicode": "e660",
      "unicode_decimal": 58976
    },
    {
      "icon_id": "1345975",
      "name": "chengyi_pc_preview",
      "font_class": "chengyi_pc_preview",
      "unicode": "e60a",
      "unicode_decimal": 58890
    },
    {
      "icon_id": "8765263",
      "name": "word",
      "font_class": "word",
      "unicode": "e641",
      "unicode_decimal": 58945
    },
    {
      "icon_id": "11614540",
      "name": "PDF",
      "font_class": "PDF",
      "unicode": "e6b6",
      "unicode_decimal": 59062
    },
    {
      "icon_id": "983",
      "name": "音乐",
      "font_class": "yinle",
      "unicode": "e600",
      "unicode_decimal": 58880
    },
    {
      "icon_id": "396197",
      "name": "最大化",
      "font_class": "zuidahua",
      "unicode": "e611",
      "unicode_decimal": 58897
    },
    {
      "icon_id": "428403",
      "name": "最大化",
      "font_class": "zuidahua1",
      "unicode": "e65b",
      "unicode_decimal": 58971
    },
    {
      "icon_id": "692436",
      "name": "喜欢",
      "font_class": "xihuan",
      "unicode": "e64e",
      "unicode_decimal": 58958
    },
    {
      "icon_id": "807279",
      "name": "暂停",
      "font_class": "zanting",
      "unicode": "e663",
      "unicode_decimal": 58979
    },
    {
      "icon_id": "991642",
      "name": "最小化",
      "font_class": "zuixiaohua",
      "unicode": "e624",
      "unicode_decimal": 58916
    },
    {
      "icon_id": "1024808",
      "name": "后退",
      "font_class": "houtui",
      "unicode": "e74e",
      "unicode_decimal": 59214
    },
    {
      "icon_id": "1024810",
      "name": "前进",
      "font_class": "qianjin",
      "unicode": "e750",
      "unicode_decimal": 59216
    },
    {
      "icon_id": "1025133",
      "name": "声音",
      "font_class": "shengyin",
      "unicode": "e753",
      "unicode_decimal": 59219
    },
    {
      "icon_id": "1027779",
      "name": "最小化3",
      "font_class": "zuixiaohua3",
      "unicode": "e62d",
      "unicode_decimal": 58925
    },
    {
      "icon_id": "1092168",
      "name": "设置",
      "font_class": "shezhi",
      "unicode": "e647",
      "unicode_decimal": 58951
    },
    {
      "icon_id": "1311973",
      "name": "播放",
      "font_class": "bofang",
      "unicode": "e63d",
      "unicode_decimal": 58941
    },
    {
      "icon_id": "1314794",
      "name": "关闭",
      "font_class": "guanbi-01",
      "unicode": "e617",
      "unicode_decimal": 58903
    },
    {
      "icon_id": "1371946",
      "name": "列表",
      "font_class": "liebiao",
      "unicode": "e640",
      "unicode_decimal": 58944
    },
    {
      "icon_id": "1621104",
      "name": "音乐",
      "font_class": "music",
      "unicode": "e700",
      "unicode_decimal": 59136
    },
    {
      "icon_id": "2154282",
      "name": "循环播放_32",
      "font_class": "xunhuanbofang",
      "unicode": "e66c",
      "unicode_decimal": 58988
    },
    {
      "icon_id": "2154283",
      "name": "单曲循环_32",
      "font_class": "danquxunhuan",
      "unicode": "e66d",
      "unicode_decimal": 58989
    },
    {
      "icon_id": "2412369",
      "name": "网易云音乐",
      "font_class": "wangyiyunyinle",
      "unicode": "e601",
      "unicode_decimal": 58881
    }
  ]
}
